Tamanho,Tempo(s)
1000,0.000567
5000,0.011340
10000,0.044766
50000,1.850632
100000,8.657130
