Tamanho,Tempo(s)
1000,0.000664
1000,0.000712
1000,0.000638
5000,0.011589
5000,0.011462
5000,0.011905
10000,0.045801
10000,0.045152
10000,0.044747
50000,1.880354
50000,1.871049
50000,1.866566
100000,8.771977
100000,8.793430
100000,8.772356
