Tamanho,Tempo(s)
1000,0.000671
5000,0.011652
10000,0.045233
50000,1.872656
100000,8.779254
